,mae_copy,lossv,nmse_test,nmsev,msev,maev
0,4.24268344,0.00327537,0.00327537,0.00461619,0.02438945,0.13079739
1,4.24268344,0.00153336,0.00153336,0.00213067,0.00536907,0.05378526
2,4.24268344,0.00080752,0.00080752,0.00114211,0.00152844,0.02816677
3,4.24268344,0.00069687,0.00069687,0.00110871,0.00168952,0.02649629
4,4.24268344,0.00038867,0.00038867,0.00062994,0.00050889,0.01468766
5,4.24268344,0.00025740,0.00025740,0.00039541,0.00027565,0.00939340
