,mae_copy,lossv,nmse_test,nmsev,msev,maev
0,4.24268344,0.00327537,0.00327537,0.00461619,0.02438945,0.13079739
