,mae_copy,lossv,nmse_test,nmsev,msev,maev
0,5.04833396,0.15978746,0.15978746,0.23719548,70.60765851,7.54719541
