,mae_copy,lossv,nmse_test,nmsev,msev,maev
0,5.04833397,0.16499224,0.16499224,0.24427434,75.42694663,7.82751414
