,mae_copy,lossv,nmse_test,nmsev,msev,maev
0,3.96790932,0.00750641,0.00750641,0.01261300,0.12116454,0.26781201
